filename,dissimilarity,correlation,contrast,energy,homogeneity,ASM
foto1.png,8.344402784745695,0.5444541437144516,165.57138666972148,0.1387136247476821,0.3335293119711231,0.020513086946525618
